{
  "best": {
    "loss": 0.11345611796618212,
    "bce": 0.05936581011982444,
    "dice": 0.36120484902092115,
    "lr": 0.0001
  },
  "last": {
    "loss": 0.11379043004505753,
    "bce": 0.06000192500760771,
    "dice": 0.363057476651352,
    "lr": 0.0001
  },
  "train.47": {
    "loss": 0.11345611796618212,
    "bce": 0.05936581011982444,
    "dice": 0.36120484902092115,
    "lr": 0.0001
  },
  "epoch_0": [
    "logs/checkpoints/train.1.pth",
    0.17679315002794466,
    {
      "loss": 0.17679315002794466,
      "bce": 0.10356920642399156,
      "dice": 0.25891816936059686,
      "lr": 0.01
    }
  ],
  "epoch_1": [
    "logs/checkpoints/train.2.pth",
    0.14919838233683316,
    {
      "loss": 0.14919838233683316,
      "bce": 0.08022597014991939,
      "dice": 0.29696122654068074,
      "lr": 0.01
    }
  ],
  "epoch_2": [
    "logs/checkpoints/train.3.pth",
    0.13821212423410387,
    {
      "loss": 0.13821212423410387,
      "bce": 0.08497930941856012,
      "dice": 0.33059727547794654,
      "lr": 0.01
    }
  ],
  "epoch_3": [
    "logs/checkpoints/train.4.pth",
    0.14350655121085923,
    {
      "loss": 0.14350655121085923,
      "bce": 0.07625969655833764,
      "dice": 0.31078995627991207,
      "lr": 0.01
    }
  ],
  "epoch_4": [
    "logs/checkpoints/train.5.pth",
    0.12152687908977183,
    {
      "loss": 0.12152687908977183,
      "bce": 0.0651012023246042,
      "dice": 0.3443549334123775,
      "lr": 0.001
    }
  ],
  "epoch_5": [
    "logs/checkpoints/train.6.pth",
    0.12086947577892858,
    {
      "loss": 0.12086947577892858,
      "bce": 0.06554540588704531,
      "dice": 0.3468515813174851,
      "lr": 0.001
    }
  ],
  "epoch_6": [
    "logs/checkpoints/train.7.pth",
    0.12056607934577628,
    {
      "loss": 0.12056607934577628,
      "bce": 0.06471758640445442,
      "dice": 0.3463154557531914,
      "lr": 0.001
    }
  ],
  "epoch_7": [
    "logs/checkpoints/train.8.pth",
    0.12021297544328864,
    {
      "loss": 0.12021297544328864,
      "bce": 0.06420469804499353,
      "dice": 0.3471868604685353,
      "lr": 0.001
    }
  ],
  "epoch_8": [
    "logs/checkpoints/train.9.pth",
    0.12033879740224121,
    {
      "loss": 0.12033879740224121,
      "bce": 0.06433402286694113,
      "dice": 0.34832776085113687,
      "lr": 0.001
    }
  ],
  "epoch_9": [
    "logs/checkpoints/train.10.pth",
    0.11921480887055749,
    {
      "loss": 0.11921480887055749,
      "bce": 0.06361804866949014,
      "dice": 0.3487938275379417,
      "lr": 0.001
    }
  ],
  "epoch_10": [
    "logs/checkpoints/train.11.pth",
    0.11922126997888617,
    {
      "loss": 0.11922126997888617,
      "bce": 0.06412169022106491,
      "dice": 0.3514612540382903,
      "lr": 0.001
    }
  ],
  "epoch_11": [
    "logs/checkpoints/train.12.pth",
    0.11831143805235184,
    {
      "loss": 0.11831143805235184,
      "bce": 0.062437853573170415,
      "dice": 0.35012722940219876,
      "lr": 0.001
    }
  ],
  "epoch_12": [
    "logs/checkpoints/train.13.pth",
    0.1185122985931273,
    {
      "loss": 0.1185122985931273,
      "bce": 0.06342622258846035,
      "dice": 0.3505416073630342,
      "lr": 0.001
    }
  ],
  "epoch_13": [
    "logs/checkpoints/train.14.pth",
    0.11836566511860286,
    {
      "loss": 0.11836566511860286,
      "bce": 0.06347725038858995,
      "dice": 0.3513309430935391,
      "lr": 0.001
    }
  ],
  "epoch_14": [
    "logs/checkpoints/train.15.pth",
    0.11846222001894388,
    {
      "loss": 0.11846222001894388,
      "bce": 0.06307058491274317,
      "dice": 0.35262477858579966,
      "lr": 0.001
    }
  ],
  "epoch_15": [
    "logs/checkpoints/train.16.pth",
    0.11829374035199482,
    {
      "loss": 0.11829374035199482,
      "bce": 0.06256239911799587,
      "dice": 0.3525486508653577,
      "lr": 0.001
    }
  ],
  "epoch_16": [
    "logs/checkpoints/train.17.pth",
    0.11778896904624667,
    {
      "loss": 0.11778896904624667,
      "bce": 0.061953648986366315,
      "dice": 0.3536437655620519,
      "lr": 0.001
    }
  ],
  "epoch_17": [
    "logs/checkpoints/train.18.pth",
    0.11778492960958004,
    {
      "loss": 0.11778492960958004,
      "bce": 0.062199023656085525,
      "dice": 0.353085907862953,
      "lr": 0.001
    }
  ],
  "epoch_18": [
    "logs/checkpoints/train.19.pth",
    0.11797276387172466,
    {
      "loss": 0.11797276387172466,
      "bce": 0.06317577446456504,
      "dice": 0.35066578208872723,
      "lr": 0.001
    }
  ],
  "epoch_19": [
    "logs/checkpoints/train.20.pth",
    0.11676940024778201,
    {
      "loss": 0.11676940024778201,
      "bce": 0.06251768126512347,
      "dice": 0.3533752771957082,
      "lr": 0.001
    }
  ],
  "epoch_20": [
    "logs/checkpoints/train.21.pth",
    0.11883629470799881,
    {
      "loss": 0.11883629470799881,
      "bce": 0.06362355969472619,
      "dice": 0.3517301787668976,
      "lr": 0.001
    }
  ],
  "epoch_21": [
    "logs/checkpoints/train.22.pth",
    0.11686319001128893,
    {
      "loss": 0.11686319001128893,
      "bce": 0.061317734688432504,
      "dice": 0.3552890320794773,
      "lr": 0.001
    }
  ],
  "epoch_22": [
    "logs/checkpoints/train.23.pth",
    0.11574055475119648,
    {
      "loss": 0.11574055475119648,
      "bce": 0.0617385628081001,
      "dice": 0.3566823629151403,
      "lr": 0.001
    }
  ],
  "epoch_23": [
    "logs/checkpoints/train.24.pth",
    0.1184079989571135,
    {
      "loss": 0.1184079989571135,
      "bce": 0.06261187355338999,
      "dice": 0.3521692984927018,
      "lr": 0.001
    }
  ],
  "epoch_24": [
    "logs/checkpoints/train.25.pth",
    0.11605706734467391,
    {
      "loss": 0.11605706734467391,
      "bce": 0.060140797350786444,
      "dice": 0.35462132453215145,
      "lr": 0.001
    }
  ],
  "epoch_25": [
    "logs/checkpoints/train.26.pth",
    0.11720108348535577,
    {
      "loss": 0.11720108348535577,
      "bce": 0.06189828238568121,
      "dice": 0.351662120284584,
      "lr": 0.001
    }
  ],
  "epoch_26": [
    "logs/checkpoints/train.27.pth",
    0.11624596590137762,
    {
      "loss": 0.11624596590137762,
      "bce": 0.061704849827606045,
      "dice": 0.3550319472245409,
      "lr": 0.001
    }
  ],
  "epoch_27": [
    "logs/checkpoints/train.28.pth",
    0.11533793268126373,
    {
      "loss": 0.11533793268126373,
      "bce": 0.06018044168354837,
      "dice": 0.35447563122859027,
      "lr": 0.001
    }
  ],
  "epoch_28": [
    "logs/checkpoints/train.29.pth",
    0.11488625742165387,
    {
      "loss": 0.11488625742165387,
      "bce": 0.060467911140229494,
      "dice": 0.35907929323415827,
      "lr": 0.001
    }
  ],
  "epoch_29": [
    "logs/checkpoints/train.30.pth",
    0.11599284236410022,
    {
      "loss": 0.11599284236410022,
      "bce": 0.060160951162509864,
      "dice": 0.3565731050342235,
      "lr": 0.001
    }
  ],
  "epoch_30": [
    "logs/checkpoints/train.31.pth",
    0.11585405535754201,
    {
      "loss": 0.11585405535754201,
      "bce": 0.061578836496424885,
      "dice": 0.3582542883963008,
      "lr": 0.001
    }
  ],
  "epoch_31": [
    "logs/checkpoints/train.32.pth",
    0.11495068595472695,
    {
      "loss": 0.11495068595472695,
      "bce": 0.060217866934506266,
      "dice": 0.36035753738212,
      "lr": 0.001
    }
  ],
  "epoch_32": [
    "logs/checkpoints/train.33.pth",
    0.11390770126936356,
    {
      "loss": 0.11390770126936356,
      "bce": 0.05998314372909457,
      "dice": 0.3595977861621035,
      "lr": 0.0001
    }
  ],
  "epoch_33": [
    "logs/checkpoints/train.34.pth",
    0.11380207586956588,
    {
      "loss": 0.11380207586956588,
      "bce": 0.059897839077981865,
      "dice": 0.35983971251850627,
      "lr": 0.0001
    }
  ],
  "epoch_34": [
    "logs/checkpoints/train.35.pth",
    0.1138522613365039,
    {
      "loss": 0.1138522613365039,
      "bce": 0.060011625918491074,
      "dice": 0.3612715414491727,
      "lr": 0.0001
    }
  ],