{
  "best": {
    "loss": 0.051525987739671986,
    "bce": 0.051525987739671986,
    "dice": 0.5859700073886412,
    "iou": 0.4167539117258909,
    "lr": 0.0001
  },
  "last": {
    "loss": 0.05153490459013476,
    "bce": 0.05153490459013476,
    "dice": 0.5841086810669013,
    "iou": 0.41489067754562625,
    "lr": 0.0001
  },
  "train.31": {
    "loss": 0.051525987739671986,
    "bce": 0.051525987739671986,
    "dice": 0.5859700073886412,
    "iou": 0.4167539117258909,
    "lr": 0.0001
  },
  "epoch_0": [
    "logs/0/checkpoints/train.1.pth",
    0.09070262697945652,
    {
      "loss": 0.09070262697945652,
      "bce": 0.09070262697945652,
      "dice": 0.385034615557454,
      "iou": 0.2400504785828886,
      "lr": 0.01
    }
  ],
  "epoch_1": [
    "logs/0/checkpoints/train.2.pth",
    0.07724999377509488,
    {
      "loss": 0.07724999377509488,
      "bce": 0.07724999377509488,
      "dice": 0.43760016509565275,
      "iou": 0.2828529062875956,
      "lr": 0.01
    }
  ],
  "epoch_2": [
    "logs/0/checkpoints/train.3.pth",
    0.06909859521550768,
    {
      "loss": 0.06909859521550768,
      "bce": 0.06909859521550768,
      "dice": 0.5013545538471862,
      "iou": 0.3369225127155449,
      "lr": 0.01
    }
  ],
  "epoch_3": [
    "logs/0/checkpoints/train.4.pth",
    0.06075221606280248,
    {
      "loss": 0.06075221606280248,
      "bce": 0.06075221606280248,
      "dice": 0.5033632297783123,
      "iou": 0.338122054934502,
      "lr": 0.01
    }
  ],
  "epoch_4": [
    "logs/0/checkpoints/train.5.pth",
    0.05635857951104815,
    {
      "loss": 0.05635857951104815,
      "bce": 0.05635857951104815,
      "dice": 0.5602566641868041,
      "iou": 0.3913225927535763,
      "lr": 0.001
    }
  ],
  "epoch_5": [
    "logs/0/checkpoints/train.6.pth",
    0.056218918973365714,
    {
      "loss": 0.056218918973365714,
      "bce": 0.056218918973365714,
      "dice": 0.556230906258642,
      "iou": 0.38739804657159654,
      "lr": 0.001
    }
  ],
  "epoch_6": [
    "logs/0/checkpoints/train.7.pth",
    0.05538589932178325,
    {
      "loss": 0.05538589932178325,
      "bce": 0.05538589932178325,
      "dice": 0.5534327672821934,
      "iou": 0.38475339191149815,
      "lr": 0.001
    }
  ],
  "epoch_7": [
    "logs/0/checkpoints/train.8.pth",
    0.05535219071053825,
    {
      "loss": 0.05535219071053825,
      "bce": 0.05535219071053825,
      "dice": 0.5664533475155675,
      "iou": 0.39725116653076653,
      "lr": 0.001
    }
  ],
  "epoch_8": [
    "logs/0/checkpoints/train.9.pth",
    0.0549727345088766,
    {
      "loss": 0.0549727345088766,
      "bce": 0.0549727345088766,
      "dice": 0.5624436748414618,
      "iou": 0.39351502690343365,
      "lr": 0.001
    }
  ],
  "epoch_9": [
    "logs/0/checkpoints/train.10.pth",
    0.05452665701112917,
    {
      "loss": 0.05452665701112917,
      "bce": 0.05452665701112917,
      "dice": 0.5475691271566714,
      "iou": 0.37913766668609444,
      "lr": 0.001
    }
  ],
  "epoch_10": [
    "logs/0/checkpoints/train.11.pth",
    0.05389024198143179,
    {
      "loss": 0.05389024198143179,
      "bce": 0.05389024198143179,
      "dice": 0.5605666759970618,
      "iou": 0.39144428535900294,
      "lr": 0.001
    }
  ],
  "epoch_11": [
    "logs/0/checkpoints/train.12.pth",
    0.053330003876777526,
    {
      "loss": 0.053330003876777526,
      "bce": 0.053330003876777526,
      "dice": 0.577418637697676,
      "iou": 0.4081419538431816,
      "lr": 0.001
    }
  ],
  "epoch_12": [
    "logs/0/checkpoints/train.13.pth",
    0.053729235943527714,
    {
      "loss": 0.053729235943527714,
      "bce": 0.053729235943527714,
      "dice": 0.5842038888671053,
      "iou": 0.41499247116676835,
      "lr": 0.001
    }
  ],
  "epoch_13": [
    "logs/0/checkpoints/train.14.pth",
    0.05336989627870838,
    {
      "loss": 0.05336989627870838,
      "bce": 0.05336989627870838,
      "dice": 0.5719048209246633,
      "iou": 0.402696396239036,
      "lr": 0.001
    }
  ],
  "epoch_14": [
    "logs/0/checkpoints/train.15.pth",
    0.05508776000071768,
    {
      "loss": 0.05508776000071768,
      "bce": 0.05508776000071768,
      "dice": 0.5622603022946719,
      "iou": 0.39316481995371594,
      "lr": 0.001
    }
  ],
  "epoch_15": [
    "logs/0/checkpoints/train.16.pth",
    0.05375207655769181,
    {
      "loss": 0.05375207655769181,
      "bce": 0.05375207655769181,
      "dice": 0.5798807713837749,
      "iou": 0.4105887217683426,
      "lr": 0.001
    }
  ],
  "epoch_16": [
    "logs/0/checkpoints/train.17.pth",
    0.05221192527529411,
    {
      "loss": 0.05221192527529411,
      "bce": 0.05221192527529411,
      "dice": 0.5864567381090823,
      "iou": 0.41714844250046046,
      "lr": 0.0001
    }
  ],
  "epoch_17": [
    "logs/0/checkpoints/train.18.pth",
    0.052047631729141425,
    {
      "loss": 0.052047631729141425,
      "bce": 0.052047631729141425,
      "dice": 0.5824502328855803,
      "iou": 0.41310922048084864,
      "lr": 0.0001
    }
  ],
  "epoch_18": [
    "logs/0/checkpoints/train.19.pth",
    0.05190429715631989,
    {
      "loss": 0.05190429715631989,
      "bce": 0.05190429715631989,
      "dice": 0.5880898204173309,
      "iou": 0.41894136366590984,
      "lr": 0.0001
    }
  ],
  "epoch_19": [
    "logs/0/checkpoints/train.20.pth",
    0.051780585083110495,
    {
      "loss": 0.051780585083110495,
      "bce": 0.051780585083110495,
      "dice": 0.5808538636978395,
      "iou": 0.411631389916119,
      "lr": 0.0001
    }
  ],
  "epoch_20": [
    "logs/0/checkpoints/train.21.pth",
    0.051886165335466757,
    {
      "loss": 0.051886165335466757,
      "bce": 0.051886165335466757,
      "dice": 0.582653214112144,
      "iou": 0.41348393394180466,
      "lr": 0.0001
    }
  ],
  "epoch_21": [
    "logs/0/checkpoints/train.22.pth",
    0.05201178764083745,
    {
      "loss": 0.05201178764083745,
      "bce": 0.05201178764083745,
      "dice": 0.5856960224894299,
      "iou": 0.41652478811311866,
      "lr": 0.0001
    }
  ],
  "epoch_22": [
    "logs/0/checkpoints/train.23.pth",
    0.05186517860597564,
    {
      "loss": 0.05186517860597564,
      "bce": 0.05186517860597564,
      "dice": 0.5853983913902683,
      "iou": 0.4162487347393261,
      "lr": 0.0001
    }
  ],
  "epoch_23": [
    "logs/0/checkpoints/train.24.pth",
    0.051847845707143674,
    {
      "loss": 0.051847845707143674,
      "bce": 0.051847845707143674,
      "dice": 0.5777396086042959,
      "iou": 0.4084433336876838,
      "lr": 0.0001
    }
  ],
  "epoch_24": [
    "logs/0/checkpoints/train.25.pth",
    0.05187677367422786,
    {
      "loss": 0.05187677367422786,
      "bce": 0.05187677367422786,
      "dice": 0.583630744194211,
      "iou": 0.4143880902841731,
      "lr": 0.0001
    }
  ],
  "epoch_25": [
    "logs/0/checkpoints/train.26.pth",
    0.051798558109893214,
    {
      "loss": 0.051798558109893214,
      "bce": 0.051798558109893214,
      "dice": 0.5856837066577246,
      "iou": 0.41653255829065616,
      "lr": 0.0001
    }
  ],
  "epoch_26": [
    "logs/0/checkpoints/train.27.pth",
    0.05182988348040608,
    {
      "loss": 0.05182988348040608,
      "bce": 0.05182988348040608,
      "dice": 0.582330044040286,
      "iou": 0.41310811463007185,
      "lr": 0.0001
    }
  ],
  "epoch_27": [
    "logs/0/checkpoints/train.28.pth",
    0.05162260270839594,
    {
      "loss": 0.05162260270839594,
      "bce": 0.05162260270839594,
      "dice": 0.5835835287704577,
      "iou": 0.41425867562448726,
      "lr": 0.0001
    }
  ],
  "epoch_28": [
    "logs/0/checkpoints/train.29.pth",
    0.05160691776810141,
    {
      "loss": 0.05160691776810141,
      "bce": 0.05160691776810141,
      "dice": 0.5834680441558187,
      "iou": 0.41422528402995207,
      "lr": 0.0001
    }
  ],
  "epoch_29": [
    "logs/0/checkpoints/train.30.pth",
    0.05154686483573774,
    {
      "loss": 0.05154686483573774,
      "bce": 0.05154686483573774,
      "dice": 0.5850318379106777,