{
  "best": {
    "loss": 0.08296554105735456,
    "lr": 1e-05,
    "bce": 0.05296686288397924,
    "dice": 0.6470463496393863,
    "iou": 0.4811112773629416
  },
  "last": {
    "loss": 0.08334218498352354,
    "lr": 1e-05,
    "bce": 0.05286801340041962,
    "dice": 0.6423902657179708,
    "iou": 0.4761234557206652
  },
  "train.54": {
    "loss": 0.08296554105735456,
    "lr": 1e-05,
    "bce": 0.05296686288397924,
    "dice": 0.6470463496393863,
    "iou": 0.4811112773629416
  },
  "epoch_0": [
    "logs/segmentation/1/checkpoints/train.1.pth",
    0.1614686523918557,
    {
      "loss": 0.1614686523918557,
      "lr": 0.01,
      "bce": 0.10387326937861148,
      "dice": 0.3201728892009869,
      "iou": 0.19283843127499642
    }
  ],
  "epoch_1": [
    "logs/segmentation/1/checkpoints/train.2.pth",
    0.12626021127257733,
    {
      "loss": 0.12626021127257733,
      "lr": 0.01,
      "bce": 0.08156506006432844,
      "dice": 0.47148342116744124,
      "iou": 0.31106560269815736
    }
  ],
  "epoch_2": [
    "logs/segmentation/1/checkpoints/train.3.pth",
    0.12295749087249278,
    {
      "loss": 0.12295749087249278,
      "lr": 0.01,
      "bce": 0.07883948342198817,
      "dice": 0.47998043383117267,
      "iou": 0.3179925794095065
    }
  ],
  "epoch_3": [
    "logs/segmentation/1/checkpoints/train.4.pth",
    0.10815942511621825,
    {
      "loss": 0.10815942511621825,
      "lr": 0.01,
      "bce": 0.0698279710338179,
      "dice": 0.5468574782915878,
      "iou": 0.37902890528197836
    }
  ],
  "epoch_4": [
    "logs/segmentation/1/checkpoints/train.5.pth",
    0.09568878941040128,
    {
      "loss": 0.09568878941040128,
      "lr": 0.001,
      "bce": 0.061072345097771805,
      "dice": 0.5927632026967755,
      "iou": 0.424251768916054
    }
  ],
  "epoch_5": [
    "logs/segmentation/1/checkpoints/train.6.pth",
    0.09503712567080438,
    {
      "loss": 0.09503712567080438,
      "lr": 0.001,
      "bce": 0.060552142738504726,
      "dice": 0.5945980236593602,
      "iou": 0.4260675353286544
    }
  ],
  "epoch_6": [
    "logs/segmentation/1/checkpoints/train.7.pth",
    0.0933200483828519,
    {
      "loss": 0.0933200483828519,
      "lr": 0.001,
      "bce": 0.05940654736045187,
      "dice": 0.6014584386243235,
      "iou": 0.4330793672430831
    }
  ],
  "epoch_7": [
    "logs/segmentation/1/checkpoints/train.8.pth",
    0.09289887747933381,
    {
      "loss": 0.09289887747933381,
      "lr": 0.001,
      "bce": 0.060084223523076664,
      "dice": 0.6117692279604685,
      "iou": 0.4437731573012024
    }
  ],
  "epoch_8": [
    "logs/segmentation/1/checkpoints/train.9.pth",
    0.09214128994308743,
    {
      "loss": 0.09214128994308743,
      "lr": 0.001,
      "bce": 0.059397958416854385,
      "dice": 0.613168721072442,
      "iou": 0.445110885812118
    }
  ],
  "epoch_9": [
    "logs/segmentation/1/checkpoints/train.10.pth",
    0.09243284200145079,
    {
      "loss": 0.09243284200145079,
      "lr": 0.001,
      "bce": 0.05935184592958047,
      "dice": 0.6098381867450949,
      "iou": 0.441865809459602
    }
  ],
  "epoch_10": [
    "logs/segmentation/1/checkpoints/train.11.pth",
    0.0909167668724482,
    {
      "loss": 0.0909167668724482,
      "lr": 0.001,
      "bce": 0.05785382939914685,
      "dice": 0.6115167870985722,
      "iou": 0.4434138830784148
    }
  ],
  "epoch_11": [
    "logs/segmentation/1/checkpoints/train.12.pth",
    0.09008361364887876,
    {
      "loss": 0.09008361364887876,
      "lr": 0.001,
      "bce": 0.057097615960952475,
      "dice": 0.6130424025839409,
      "iou": 0.4450080985516573
    }
  ],
  "epoch_12": [
    "logs/segmentation/1/checkpoints/train.13.pth",
    0.08988798744646849,
    {
      "loss": 0.08988798744646849,
      "lr": 0.001,
      "bce": 0.05710223736488715,
      "dice": 0.6150402546983906,
      "iou": 0.44717382962724805
    }
  ],
  "epoch_13": [
    "logs/segmentation/1/checkpoints/train.14.pth",
    0.0898813242537786,
    {
      "loss": 0.0898813242537786,
      "lr": 0.001,
      "bce": 0.05686278254189322,
      "dice": 0.6129517900205289,
      "iou": 0.44468460768724966
    }
  ],
  "epoch_14": [
    "logs/segmentation/1/checkpoints/train.15.pth",
    0.08871988890181595,
    {
      "loss": 0.08871988890181595,
      "lr": 0.001,
      "bce": 0.05681565327454456,
      "dice": 0.6241419809054486,
      "iou": 0.45642048136322905
    }
  ],
  "epoch_15": [
    "logs/segmentation/1/checkpoints/train.16.pth",
    0.08956669772093281,
    {
      "loss": 0.08956669772093281,
      "lr": 0.001,
      "bce": 0.057598858095903316,
      "dice": 0.6227227426208226,
      "iou": 0.4553868609192096
    }
  ],
  "epoch_16": [
    "logs/segmentation/1/checkpoints/train.17.pth",
    0.08824403038067101,
    {
      "loss": 0.08824403038067101,
      "lr": 0.001,
      "bce": 0.055915976137714034,
      "dice": 0.6208034766458833,
      "iou": 0.45307289989648664
    }
  ],
  "epoch_17": [
    "logs/segmentation/1/checkpoints/train.18.pth",
    0.08731254482955007,
    {
      "loss": 0.08731254482955007,
      "lr": 0.001,
      "bce": 0.05616708255447118,
      "dice": 0.6323782892353768,
      "iou": 0.46523981890847194
    }
  ],
  "epoch_18": [
    "logs/segmentation/1/checkpoints/train.19.pth",
    0.08732376225226741,
    {
      "loss": 0.08732376225226741,
      "lr": 0.001,
      "bce": 0.05619589901999035,
      "dice": 0.6325254631253471,
      "iou": 0.46553366247531597
    }
  ],
  "epoch_19": [
    "logs/segmentation/1/checkpoints/train.20.pth",
    0.08777691038836423,
    {
      "loss": 0.08777691038836423,
      "lr": 0.001,
      "bce": 0.056719722368020926,
      "dice": 0.6327083880922438,
      "iou": 0.46603243904831126
    }
  ],
  "epoch_20": [
    "logs/segmentation/1/checkpoints/train.21.pth",
    0.08977656454111617,
    {
      "loss": 0.08977656454111617,
      "lr": 0.001,
      "bce": 0.057399812320956076,
      "dice": 0.6188326626752332,
      "iou": 0.45135166724171266
    }
  ],
  "epoch_21": [
    "logs/segmentation/1/checkpoints/train.22.pth",
    0.08679991717887135,
    {
      "loss": 0.08679991717887135,
      "lr": 0.001,
      "bce": 0.056035139121576746,
      "dice": 0.6363170795736062,
      "iou": 0.4697491585680869
    }
  ],
  "epoch_22": [
    "logs/segmentation/1/checkpoints/train.23.pth",
    0.08873618382268247,
    {
      "loss": 0.08873618382268247,
      "lr": 0.001,
      "bce": 0.05706600238923476,
      "dice": 0.626232174434493,
      "iou": 0.45920243094452723
    }
  ],
  "epoch_23": [
    "logs/segmentation/1/checkpoints/train.24.pth",
    0.0878522716264809,
    {
      "loss": 0.0878522716264809,
      "lr": 0.001,
      "bce": 0.0566790289121919,
      "dice": 0.6315885369756583,
      "iou": 0.4649183378810376
    }
  ],
  "epoch_24": [
    "logs/segmentation/1/checkpoints/train.25.pth",
    0.08713821534034424,
    {
      "loss": 0.08713821534034424,
      "lr": 0.001,
      "bce": 0.056256899639832235,
      "dice": 0.6349299370715048,
      "iou": 0.4682878650922691
    }
  ],
  "epoch_25": [
    "logs/segmentation/1/checkpoints/train.26.pth",
    0.08933041675955851,
    {
      "loss": 0.08933041675955851,
      "lr": 0.001,
      "bce": 0.05817358896663758,
      "dice": 0.6302581299722722,
      "iou": 0.46359183941267257
    }
  ],
  "epoch_26": [
    "logs/segmentation/1/checkpoints/train.27.pth",
    0.0859226917007328,
    {
      "loss": 0.0859226917007328,
      "lr": 0.001,
      "bce": 0.05421895134897358,
      "dice": 0.6287436419883662,
      "iou": 0.46145642468359616
    }
  ],
  "epoch_27": [
    "logs/segmentation/1/checkpoints/train.28.pth",
    0.08607477926838716,
    {
      "loss": 0.08607477926838716,
      "lr": 0.001,
      "bce": 0.05531564156434179,
      "dice": 0.6370929734896772,
      "iou": 0.4703068405653521
    }
  ],
  "epoch_28": [
    "logs/segmentation/1/checkpoints/train.29.pth",
    0.08633158286060912,
    {
      "loss": 0.08633158286060912,