{
  "best": {
    "loss": 0.09512416854896374,
    "bce": 0.06097458716383025,
    "dice": 0.5975295904463371,
    "iou": 0.4293209013685717,
    "lr": 0.0001
  },
  "last": {
    "loss": 0.09533232268506447,
    "bce": 0.06090871334999007,
    "dice": 0.5948551847871428,
    "iou": 0.4267130745195708,
    "lr": 0.0001
  },
  "train.31": {
    "loss": 0.09512416854896374,
    "bce": 0.06097458716383025,
    "dice": 0.5975295904463371,
    "iou": 0.4293209013685717,
    "lr": 0.0001
  },
  "epoch_0": [
    "logs/segmentation/1/checkpoints/train.1.pth",
    0.13116613842744732,
    {
      "loss": 0.13116613842744732,
      "bce": 0.08631722725334419,
      "dice": 0.46519364530006335,
      "iou": 0.30630545373511503,
      "lr": 0.01
    }
  ],
  "epoch_1": [
    "logs/segmentation/1/checkpoints/train.2.pth",
    0.1571922401938818,
    {
      "loss": 0.1571922401938818,
      "bce": 0.11407144974290798,
      "dice": 0.4547206241472634,
      "iou": 0.29879856257312076,
      "lr": 0.01
    }
  ],
  "epoch_2": [
    "logs/segmentation/1/checkpoints/train.3.pth",
    0.110552373581228,
    {
      "loss": 0.110552373581228,
      "bce": 0.0706072306079147,
      "dice": 0.5299413312852912,
      "iou": 0.3637606773228773,
      "lr": 0.01
    }
  ],
  "epoch_3": [
    "logs/segmentation/1/checkpoints/train.4.pth",
    0.10767348268918228,
    {
      "loss": 0.10767348268918228,
      "bce": 0.06984900924484291,
      "dice": 0.5519062474765607,
      "iou": 0.384387552210715,
      "lr": 0.01
    }
  ],
  "epoch_4": [
    "logs/segmentation/1/checkpoints/train.5.pth",
    0.10133377631417421,
    {
      "loss": 0.10133377631417421,
      "bce": 0.0646617870151469,
      "dice": 0.5686183105527826,
      "iou": 0.40049985768520724,
      "lr": 0.001
    }
  ],
  "epoch_5": [
    "logs/segmentation/1/checkpoints/train.6.pth",
    0.09993463312893844,
    {
      "loss": 0.09993463312893844,
      "bce": 0.0632455606705847,
      "dice": 0.5698637077238706,
      "iou": 0.4015031771322266,
      "lr": 0.001
    }
  ],
  "epoch_6": [
    "logs/segmentation/1/checkpoints/train.7.pth",
    0.09946925046697129,
    {
      "loss": 0.09946925046697129,
      "bce": 0.06364434248710103,
      "dice": 0.5781065711932899,
      "iou": 0.40963019016569713,
      "lr": 0.001
    }
  ],
  "epoch_7": [
    "logs/segmentation/1/checkpoints/train.8.pth",
    0.09960218067981502,
    {
      "loss": 0.09960218067981502,
      "bce": 0.06367836498976806,
      "dice": 0.5770834711800632,
      "iou": 0.4088162634752493,
      "lr": 0.001
    }
  ],
  "epoch_8": [
    "logs/segmentation/1/checkpoints/train.9.pth",
    0.09878182310973649,
    {
      "loss": 0.09878182310973649,
      "bce": 0.06323718192566814,
      "dice": 0.5813163963039362,
      "iou": 0.4130015753539261,
      "lr": 0.001
    }
  ],
  "epoch_9": [
    "logs/segmentation/1/checkpoints/train.10.pth",
    0.0987898865368514,
    {
      "loss": 0.0987898865368514,
      "bce": 0.06325302036990106,
      "dice": 0.5813783108660606,
      "iou": 0.4131267280705207,
      "lr": 0.001
    }
  ],
  "epoch_10": [
    "logs/segmentation/1/checkpoints/train.11.pth",
    0.09867479640298184,
    {
      "loss": 0.09867479640298184,
      "bce": 0.06335831445402808,
      "dice": 0.5834768575904643,
      "iou": 0.4152456913374167,
      "lr": 0.001
    }
  ],
  "epoch_11": [
    "logs/segmentation/1/checkpoints/train.12.pth",
    0.09801555866688758,
    {
      "loss": 0.09801555866688758,
      "bce": 0.06218613651869572,
      "dice": 0.5795196338037469,
      "iou": 0.4109883548411649,
      "lr": 0.001
    }
  ],
  "epoch_12": [
    "logs/segmentation/1/checkpoints/train.13.pth",
    0.09730892700959094,
    {
      "loss": 0.09730892700959094,
      "bce": 0.06337332120247646,
      "dice": 0.5972706170208686,
      "iou": 0.42897205648169057,
      "lr": 0.001
    }
  ],
  "epoch_13": [
    "logs/segmentation/1/checkpoints/train.14.pth",
    0.09973549721515282,
    {
      "loss": 0.09973549721515282,
      "bce": 0.0640406981506179,
      "dice": 0.57901130144575,
      "iou": 0.410907583057353,
      "lr": 0.001
    }
  ],
  "epoch_14": [
    "logs/segmentation/1/checkpoints/train.15.pth",
    0.0978181059909078,
    {
      "loss": 0.0978181059909078,
      "bce": 0.062045233802194066,
      "dice": 0.5802260378820706,
      "iou": 0.4118544087473271,
      "lr": 0.001
    }
  ],
  "epoch_15": [
    "logs/segmentation/1/checkpoints/train.16.pth",
    0.0981652165936158,
    {
      "loss": 0.0981652165936158,
      "bce": 0.06243835808297172,
      "dice": 0.5802930516479289,
      "iou": 0.41166379678565845,
      "lr": 0.001
    }
  ],
  "epoch_16": [
    "logs/segmentation/1/checkpoints/train.17.pth",
    0.09662290226041742,
    {
      "loss": 0.09662290226041742,
      "bce": 0.06202934512258629,
      "dice": 0.5920350777364406,
      "iou": 0.42386346585982676,
      "lr": 0.001
    }
  ],
  "epoch_17": [
    "logs/segmentation/1/checkpoints/train.18.pth",
    0.09666405699949347,
    {
      "loss": 0.09666405699949347,
      "bce": 0.061471105815298806,
      "dice": 0.5865993818350597,
      "iou": 0.4182796494623201,
      "lr": 0.001
    }
  ],
  "epoch_18": [
    "logs/segmentation/1/checkpoints/train.19.pth",
    0.10038682897533993,
    {
      "loss": 0.10038682897533993,
      "bce": 0.06513397238687074,
      "dice": 0.5823374563613821,
      "iou": 0.4144952877432899,
      "lr": 0.001
    }
  ],
  "epoch_19": [
    "logs/segmentation/1/checkpoints/train.20.pth",
    0.0967624153051756,
    {
      "loss": 0.0967624153051756,
      "bce": 0.06267535849350743,
      "dice": 0.5964540645084552,
      "iou": 0.42839456226973405,
      "lr": 0.001
    }
  ],
  "epoch_20": [
    "logs/segmentation/1/checkpoints/train.21.pth",
    0.0959139094152282,
    {
      "loss": 0.0959139094152282,
      "bce": 0.06135029547509892,
      "dice": 0.5930135552862053,
      "iou": 0.4247893398314452,
      "lr": 0.0001
    }
  ],
  "epoch_21": [
    "logs/segmentation/1/checkpoints/train.22.pth",
    0.09561045739503032,
    {
      "loss": 0.09561045739503032,
      "bce": 0.060915761467366096,
      "dice": 0.5921372680537466,
      "iou": 0.42392687338643387,
      "lr": 0.0001
    }
  ],
  "epoch_22": [
    "logs/segmentation/1/checkpoints/train.23.pth",
    0.09540446656467638,
    {
      "loss": 0.09540446656467638,
      "bce": 0.06100767794831664,
      "dice": 0.5950244287473963,
      "iou": 0.42679196865157737,
      "lr": 0.0001
    }
  ],
  "epoch_23": [
    "logs/segmentation/1/checkpoints/train.24.pth",
    0.09528259608597883,
    {
      "loss": 0.09528259608597883,
      "bce": 0.061175025709434935,
      "dice": 0.5977492678481922,
      "iou": 0.4295828431580975,
      "lr": 0.0001
    }
  ],
  "epoch_24": [
    "logs/segmentation/1/checkpoints/train.25.pth",
    0.0955314398603102,
    {
      "loss": 0.0955314398603102,
      "bce": 0.0612380259200535,
      "dice": 0.5958278287828496,
      "iou": 0.42766857796010704,
      "lr": 0.0001
    }
  ],
  "epoch_25": [
    "logs/segmentation/1/checkpoints/train.26.pth",
    0.09524923034210123,
    {
      "loss": 0.09524923034210123,
      "bce": 0.061045049058388805,
      "dice": 0.5969131253461921,
      "iou": 0.42874924260958114,
      "lr": 0.0001
    }
  ],
  "epoch_26": [
    "logs/segmentation/1/checkpoints/train.27.pth",
    0.09537701124111113,
    {
      "loss": 0.09537701124111113,
      "bce": 0.06113401264347859,
      "dice": 0.5964359913252096,
      "iou": 0.4282620414168434,
      "lr": 0.0001
    }
  ],
  "epoch_27": [
    "logs/segmentation/1/checkpoints/train.28.pth",
    0.09522661078820184,
    {
      "loss": 0.09522661078820184,
      "bce": 0.0607150764987532,
      "dice": 0.5941695739737651,
      "iou": 0.42586256708719045,
      "lr": 0.0001
    }
  ],
  "epoch_28": [
    "logs/segmentation/1/checkpoints/train.29.pth",
    0.09557209065002674,
    {
      "loss": 0.09557209065002674,