{
  "best": {
    "loss": 0.055319058604999964,
    "bce": 0.055319058604999964,
    "dice": 0.5578834947231601,
    "iou": 0.38945016507553853,
    "lr": 0.0001
  },
  "last": {
    "loss": 0.0556648138481959,
    "bce": 0.0556648138481959,
    "dice": 0.5580119400952771,
    "iou": 0.38969601355822736,
    "lr": 0.0001
  },
  "train.27": {
    "loss": 0.055319058604999964,
    "bce": 0.055319058604999964,
    "dice": 0.5578834947231601,
    "iou": 0.38945016507553853,
    "lr": 0.0001
  },
  "epoch_0": [
    "logs/segmentation/1/checkpoints/train.1.pth",
    0.0882003675256156,
    {
      "loss": 0.0882003675256156,
      "bce": 0.0882003675256156,
      "dice": 0.3349046804736143,
      "iou": 0.20234048363909254,
      "lr": 0.01
    }
  ],
  "epoch_1": [
    "logs/segmentation/1/checkpoints/train.2.pth",
    0.08063978086003158,
    {
      "loss": 0.08063978086003158,
      "bce": 0.08063978086003158,
      "dice": 0.384890923668853,
      "iou": 0.23972566887340718,
      "lr": 0.01
    }
  ],
  "epoch_2": [
    "logs/segmentation/1/checkpoints/train.3.pth",
    0.06506788058091056,
    {
      "loss": 0.06506788058091056,
      "bce": 0.06506788058091056,
      "dice": 0.49267856927044623,
      "iou": 0.3293430445468532,
      "lr": 0.01
    }
  ],
  "epoch_3": [
    "logs/segmentation/1/checkpoints/train.4.pth",
    0.06686698459418475,
    {
      "loss": 0.06686698459418475,
      "bce": 0.06686698459418475,
      "dice": 0.4944756690379791,
      "iou": 0.33138371895899815,
      "lr": 0.01
    }
  ],
  "epoch_4": [
    "logs/segmentation/1/checkpoints/train.5.pth",
    0.0596382358432871,
    {
      "loss": 0.0596382358432871,
      "bce": 0.0596382358432871,
      "dice": 0.5286005568715326,
      "iou": 0.3617896291534459,
      "lr": 0.001
    }
  ],
  "epoch_5": [
    "logs/segmentation/1/checkpoints/train.6.pth",
    0.05939121419085862,
    {
      "loss": 0.05939121419085862,
      "bce": 0.05939121419085862,
      "dice": 0.5265753586207874,
      "iou": 0.35989483114892395,
      "lr": 0.001
    }
  ],
  "epoch_6": [
    "logs/segmentation/1/checkpoints/train.7.pth",
    0.05860742250111253,
    {
      "loss": 0.05860742250111253,
      "bce": 0.05860742250111253,
      "dice": 0.5428546515713747,
      "iou": 0.3752470283381707,
      "lr": 0.001
    }
  ],
  "epoch_7": [
    "logs/segmentation/1/checkpoints/train.8.pth",
    0.05856874924054188,
    {
      "loss": 0.05856874924054188,
      "bce": 0.05856874924054188,
      "dice": 0.5411581171297392,
      "iou": 0.3735881269505593,
      "lr": 0.001
    }
  ],
  "epoch_8": [
    "logs/segmentation/1/checkpoints/train.9.pth",
    0.05794209582088267,
    {
      "loss": 0.05794209582088267,
      "bce": 0.05794209582088267,
      "dice": 0.5360314985292145,
      "iou": 0.36863318486551255,
      "lr": 0.001
    }
  ],
  "epoch_9": [
    "logs/segmentation/1/checkpoints/train.10.pth",
    0.05808383254087078,
    {
      "loss": 0.05808383254087078,
      "bce": 0.05808383254087078,
      "dice": 0.5376807867953207,
      "iou": 0.36991125535120994,
      "lr": 0.001
    }
  ],
  "epoch_10": [
    "logs/segmentation/1/checkpoints/train.11.pth",
    0.0583409090485193,
    {
      "loss": 0.0583409090485193,
      "bce": 0.0583409090485193,
      "dice": 0.5370775513416902,
      "iou": 0.36971627305039256,
      "lr": 0.001
    }
  ],
  "epoch_11": [
    "logs/segmentation/1/checkpoints/train.12.pth",
    0.057851737210180915,
    {
      "loss": 0.057851737210180915,
      "bce": 0.057851737210180915,
      "dice": 0.5475398441331579,
      "iou": 0.37982760103402946,
      "lr": 0.001
    }
  ],
  "epoch_12": [
    "logs/segmentation/1/checkpoints/train.13.pth",
    0.057532529466975076,
    {
      "loss": 0.057532529466975076,
      "bce": 0.057532529466975076,
      "dice": 0.5446648232704768,
      "iou": 0.3766109543564045,
      "lr": 0.001
    }
  ],
  "epoch_13": [
    "logs/segmentation/1/checkpoints/train.14.pth",
    0.05861679596447311,
    {
      "loss": 0.05861679596447311,
      "bce": 0.05861679596447311,
      "dice": 0.5440759101800158,
      "iou": 0.37661660012945647,
      "lr": 0.001
    }
  ],
  "epoch_14": [
    "logs/segmentation/1/checkpoints/train.15.pth",
    0.05673552423188117,
    {
      "loss": 0.05673552423188117,
      "bce": 0.05673552423188117,
      "dice": 0.5475553548441523,
      "iou": 0.379549679766714,
      "lr": 0.001
    }
  ],
  "epoch_15": [
    "logs/segmentation/1/checkpoints/train.16.pth",
    0.05672258275800046,
    {
      "loss": 0.05672258275800046,
      "bce": 0.05672258275800046,
      "dice": 0.5476471753247016,
      "iou": 0.37975548748421456,
      "lr": 0.001
    }
  ],
  "epoch_16": [
    "logs/segmentation/1/checkpoints/train.17.pth",
    0.05692335127201754,
    {
      "loss": 0.05692335127201754,
      "bce": 0.05692335127201754,
      "dice": 0.552023305935142,
      "iou": 0.38390445456040634,
      "lr": 0.001
    }
  ],
  "epoch_17": [
    "logs/segmentation/1/checkpoints/train.18.pth",
    0.05899083839844814,
    {
      "loss": 0.05899083839844814,
      "bce": 0.05899083839844814,
      "dice": 0.5363440281521961,
      "iou": 0.3692560750298795,
      "lr": 0.001
    }
  ],
  "epoch_18": [
    "logs/segmentation/1/checkpoints/train.19.pth",
    0.05600891814822644,
    {
      "loss": 0.05600891814822644,
      "bce": 0.05600891814822644,
      "dice": 0.5518073961798069,
      "iou": 0.383471676680894,
      "lr": 0.001
    }
  ],
  "epoch_19": [
    "logs/segmentation/1/checkpoints/train.20.pth",
    0.056165018624963994,
    {
      "loss": 0.056165018624963994,
      "bce": 0.056165018624963994,
      "dice": 0.5569402271667415,
      "iou": 0.3889642115187856,
      "lr": 0.001
    }
  ],
  "epoch_20": [
    "logs/segmentation/1/checkpoints/train.21.pth",
    0.05591608519311499,
    {
      "loss": 0.05591608519311499,
      "bce": 0.05591608519311499,
      "dice": 0.5532000121817122,
      "iou": 0.38506916582056905,
      "lr": 0.0001
    }
  ],
  "epoch_21": [
    "logs/segmentation/1/checkpoints/train.22.pth",
    0.055698114633560204,
    {
      "loss": 0.055698114633560204,
      "bce": 0.055698114633560204,
      "dice": 0.5522445212423278,
      "iou": 0.38412550181414185,
      "lr": 0.0001
    }
  ],
  "epoch_22": [
    "logs/segmentation/1/checkpoints/train.23.pth",
    0.05564760087074434,
    {
      "loss": 0.05564760087074434,
      "bce": 0.05564760087074434,
      "dice": 0.5587704710200823,
      "iou": 0.39038092093130117,
      "lr": 0.0001
    }
  ],
  "epoch_23": [
    "logs/segmentation/1/checkpoints/train.24.pth",
    0.0558852187432019,
    {
      "loss": 0.0558852187432019,
      "bce": 0.0558852187432019,
      "dice": 0.5523356670826938,
      "iou": 0.3842051129425521,
      "lr": 0.0001
    }
  ],
  "epoch_24": [
    "logs/segmentation/1/checkpoints/train.25.pth",
    0.05593814644138372,
    {
      "loss": 0.05593814644138372,
      "bce": 0.05593814644138372,
      "dice": 0.555979639450006,
      "iou": 0.38766802665406636,
      "lr": 0.0001
    }
  ],
  "epoch_25": [
    "logs/segmentation/1/checkpoints/train.26.pth",
    0.0556531776237277,
    {
      "loss": 0.0556531776237277,
      "bce": 0.0556531776237277,
      "dice": 0.5562942567124828,
      "iou": 0.387867427294233,
      "lr": 0.0001
    }
  ],
  "epoch_26": [
    "logs/segmentation/1/checkpoints/train.27.pth",
    0.055319058604999964,
    {
      "loss": 0.055319058604999964,
      "bce": 0.055319058604999964,
      "dice": 0.5578834947231601,
      "iou": 0.38945016507553853,
      "lr": 0.0001
    }
  ],
  "epoch_27": [
    "logs/segmentation/1/checkpoints/train.28.pth",
    0.0556273798895093,
    {
      "loss": 0.0556273798895093,
      "bce": 0.0556273798895093,
      "dice": 0.5487674020032969,
      "iou": 0.3806995700945896,
      "lr": 0.0001
    }
  ],